"Closest Gene(s)"	Variant	Chr	Allele	allele_hg38_status	Case.MAF	Control.MAF	P	q	OR	"Immune diseases with a significant GWAS locus"
GATA3	rs1244181	10	A	REF	0.152	0.18	5.3e–8	2.4e–5	0.73	RA,Allergy,Asthma
FAS-ACTA2	rs12257092	10	T	ALT	0.361	0.324	6.7e–8	3.0e–5	1.27	ALPS,JIA
MYO9B-HAUS8	rs67257959	19	C	ALT	0.529	0.47	1.8e–7	7.7e–5	1.25	""
CD86	rs9831894	3	C	ALT	0.453	0.4	1.6e–7	6.9e–5	1.26	MS
BCL6	rs16862780	3	A	ALT	0.177	0.151	3.2e–7	1.3e–4	1.33	Allergy
IKZF2	rs80168506	2	G	ALT	0.043	0.062	3.3e–7	1.4e–4	0.64	""
PTGER4	rs10071761	5	C	REF	0.356	0.315	4.5e–7	1.8e–4	1.25	IBD,MS,Allergy
IKZF3-ORMDL3	rs8071789	17	C	REF	0.44	0.498	6.6e–7	2.6e–4	0.81	IBD,PBC,RA,Allergy
EGR2-ADO	rs2136613	10	C	REF	0.491	0.439	6.9e–7	2.8e–4	1.23	IBD
FCRL3	rs2210913	1	T	REF	0.495	0.421	9.0e–7	3.6e–4	1.23	T1D,Graves’
IL2RA-PFKFB3	rs10905875	10	C	REF	0.184	0.146	1.2e–6	4.8e–4	1.34	IPEX-likesyndrome,IBD,MS,RA,T1D,Alopecia,Celiac,PSC,Vitiligo
PTPN2	rs12967678	18	A	REF	0.182	0.131	1.2e–6	4.7e–4	1.38	IBD,RA,T1D,Celiac
IL2-IL21	rs146583707	4	A	REF	0.37	0.314	1.3e–6	4.9e–4	1.25	CVID,T1D,IBD,Alopecia,Celiac,PSC,Allergy
CDH23	rs4746091	10	C	REF	0.186	0.221	1.6e–6	6.3e–4	0.78	Vitiligo
MAST4	rs16895768	5	C	REF	0.185	0.204	1.7e–6	6.6e–4	0.77	""
FOXP1	rs56146007	3	G	REF	0.481	0.441	2.6e–6	9.9e–4	0.82	""
MIR605	rs12249467	10	A	REF	0.187	0.145	2.6e–6	9.8e–4	1.33	""
LINC01098	rs7666286	4	A	REF	0.032	0.022	2.8e–6	1.1e–3	1.8	""
DRMT1	rs10733547	9	T	REF	0.256	0.226	3.4e–6	1.3e–3	0.77	""
LINC00299	rs391936	2	C	REF	0.0043	0.0047	3.9e–6	1.4e–3	1.2	""
C22orf42	rs9609452	22	T	REF	0.115	0.099	4.4e–6	1.6e–3	1.42	""
FAM171A1	rs12257961	10	G	REF	0.315	0.368	4.9e–6	1.8e–3	0.82	""
BACH1	rs2251381	21	G	REF	0.464	0.422	5.3e–6	1.9e–3	1.21	""
ZCCHC24	rs112612116	10	A	REF	0.021	0.031	6.9e–6	2.5e–3	0.56	""
NCKAP5	rs11686423	2	A	REF	0.317	0.35	7.5e–6	2.7e–3	0.82	""
LOC100505887	rs145920989	1	"2-bp deletion"	REF	0.043	0.029	8.0e–6	2.8e–3	1.8	""
TMEM72	rs1977584	10	A	REF	0.158	0.126	8.8e–6	3.1e–3	1.31	""
CD28	rs4675361	2	C	REF	0.261	0.233	9.8e–5	2.8e–2	1.2	PSC,RA,Celiac,Graves’
